[{"itemId":1,"itemName":"Eugene"},
{"itemId":2,"itemName":"Janice"},
{"itemId":3,"itemName":"Ryan"},
{"itemId":4,"itemName":"Jacqueline"},
{"itemId":5,"itemName":"Janet"},
{"itemId":6,"itemName":"Chris"},
{"itemId":7,"itemName":"Aaron"},
{"itemId":8,"itemName":"William"},
{"itemId":9,"itemName":"Walter"},
{"itemId":10,"itemName":"Patricia"},
{"itemId":11,"itemName":"Keith"},
{"itemId":12,"itemName":"Clarence"},
{"itemId":13,"itemName":"Nicholas"},
{"itemId":14,"itemName":"Jason"},
{"itemId":15,"itemName":"Raymond"},
{"itemId":16,"itemName":"Alice"},
{"itemId":17,"itemName":"Helen"},
{"itemId":18,"itemName":"Jonathan"},
{"itemId":19,"itemName":"Steve"},
{"itemId":20,"itemName":"Margaret"},
{"itemId":21,"itemName":"Harry"},
{"itemId":22,"itemName":"Lillian"},
{"itemId":23,"itemName":"Dorothy"},
{"itemId":24,"itemName":"Bobby"},
{"itemId":25,"itemName":"Virginia"},
{"itemId":26,"itemName":"George"},
{"itemId":27,"itemName":"Samuel"},
{"itemId":28,"itemName":"Marilyn"},
{"itemId":29,"itemName":"Victor"},
{"itemId":30,"itemName":"Joshua"},
{"itemId":31,"itemName":"Larry"},
{"itemId":32,"itemName":"Mark"},
{"itemId":33,"itemName":"Wayne"},
{"itemId":34,"itemName":"Brian"},
{"itemId":35,"itemName":"Cynthia"},
{"itemId":36,"itemName":"Linda"},
{"itemId":37,"itemName":"Angela"},
{"itemId":38,"itemName":"Phillip"},
{"itemId":39,"itemName":"Rachel"},
{"itemId":40,"itemName":"Chris"},
{"itemId":41,"itemName":"Carol"},
{"itemId":42,"itemName":"Michael"},
{"itemId":43,"itemName":"Ernest"},
{"itemId":44,"itemName":"Janet"},
{"itemId":45,"itemName":"Amy"},
{"itemId":46,"itemName":"Bobby"},
{"itemId":47,"itemName":"David"},
{"itemId":48,"itemName":"Mary"},
{"itemId":49,"itemName":"Elizabeth"},
{"itemId":50,"itemName":"Christopher"}]