[{"itemId":1,"itemName":"Surfak Stool Softener","itemDesc":"in hac habitasse platea dictumst morbi vestibulum velit id pretium iaculis diam erat fermentum justo","quantity":23,"price":980142,"category":"Park"},
{"itemId":2,"itemName":"Choice Personal Care Baby Fresh Scented Petroleum","itemDesc":"nulla nunc purus phasellus in felis donec semper sapien a libero nam dui proin leo odio porttitor","quantity":2,"price":699081,"category":"Trail"},
{"itemId":3,"itemName":"BeneFIX","itemDesc":"tincidunt ante vel ipsum praesent blandit lacinia erat vestibulum sed magna at nunc commodo placerat praesent blandit nam","quantity":23,"price":169651,"category":"Trail"},
{"itemId":4,"itemName":"TEMAZEPAM","itemDesc":"proin at turpis a pede posuere nonummy integer non velit","quantity":39,"price":197642,"category":"Place"},
{"itemId":5,"itemName":"Ultra-TechneKow","itemDesc":"dictumst maecenas ut massa quis augue luctus tincidunt nulla mollis molestie lorem quisque ut erat curabitur gravida nisi at nibh","quantity":70,"price":528875,"category":"Park"},
{"itemId":6,"itemName":"Glycopyrrolate","itemDesc":"morbi vel lectus in quam fringilla rhoncus mauris enim leo rhoncus sed vestibulum sit","quantity":83,"price":877160,"category":"Park"},
{"itemId":7,"itemName":"nicorelief","itemDesc":"in libero ut massa volutpat convallis morbi odio odio elementum eu interdum eu","quantity":67,"price":700815,"category":"Trail"},
{"itemId":8,"itemName":"Ear Ringing","itemDesc":"montes nascetur ridiculus mus vivamus vestibulum sagittis sapien cum sociis natoque penatibus","quantity":16,"price":161929,"category":"Drive"},
{"itemId":9,"itemName":"topcare tussin cf max","itemDesc":"nunc commodo placerat praesent blandit nam nulla integer pede justo lacinia eget tincidunt eget tempus","quantity":77,"price":16034,"category":"Park"},
{"itemId":10,"itemName":"Metformin Hydrochloride","itemDesc":"lectus in est risus auctor sed tristique in tempus sit amet sem fusce consequat nulla nisl nunc nisl duis bibendum","quantity":1,"price":449979,"category":"Plaza"},
{"itemId":11,"itemName":"Rugby Nicotine Polacrilex Gum, Coated Mint Flavor","itemDesc":"nisi venenatis tristique fusce congue diam id ornare imperdiet sapien urna pretium nisl ut volutpat sapien arcu","quantity":76,"price":922639,"category":"Way"},
{"itemId":12,"itemName":"Cefprozil","itemDesc":"quisque porta volutpat erat quisque erat eros viverra eget congue eget semper rutrum nulla nunc purus phasellus in","quantity":35,"price":917737,"category":"Hill"},
{"itemId":13,"itemName":"quetiapine fumarate","itemDesc":"platea dictumst aliquam augue quam sollicitudin vitae consectetuer eget rutrum at lorem integer tincidunt ante vel ipsum praesent blandit lacinia","quantity":11,"price":380904,"category":"Plaza"},
{"itemId":14,"itemName":"Viread","itemDesc":"fusce lacus purus aliquet at feugiat non pretium quis lectus suspendisse","quantity":5,"price":662389,"category":"Hill"},
{"itemId":15,"itemName":"E3 Foaming Hand Sanitizer Problend","itemDesc":"congue vivamus metus arcu adipiscing molestie hendrerit at vulputate vitae nisl aenean lectus pellentesque eget nunc donec quis orci","quantity":1,"price":775091,"category":"Plaza"},
{"itemId":16,"itemName":"ONDANSETRON","itemDesc":"velit nec nisi vulputate nonummy maecenas tincidunt lacus at velit vivamus","quantity":20,"price":801706,"category":"Drive"},
{"itemId":17,"itemName":"Pramipexole dihydrochloride","itemDesc":"erat vestibulum sed magna at nunc commodo placerat praesent blandit nam nulla integer pede justo lacinia eget tincidunt eget tempus","quantity":18,"price":511673,"category":"Park"},
{"itemId":18,"itemName":"WESTERN JUNE GRASS POLLEN","itemDesc":"interdum mauris non ligula pellentesque ultrices phasellus id sapien in sapien iaculis congue vivamus metus arcu adipiscing","quantity":40,"price":275113,"category":"Trail"},
{"itemId":19,"itemName":"NicFix Plus","itemDesc":"porttitor pede justo eu massa donec dapibus duis at velit eu est congue elementum in","quantity":56,"price":306146,"category":"Drive"},
{"itemId":20,"itemName":"Levothyroxine Sodium","itemDesc":"feugiat non pretium quis lectus suspendisse potenti in eleifend quam a odio","quantity":20,"price":241338,"category":"Trail"},
{"itemId":21,"itemName":"Mini Berry Lip Balm Blueberry","itemDesc":"interdum mauris ullamcorper purus sit amet nulla quisque arcu libero rutrum ac lobortis vel","quantity":16,"price":529026,"category":"Park"},
{"itemId":22,"itemName":"Benz O Sthetic","itemDesc":"morbi quis tortor id nulla ultrices aliquet maecenas leo odio condimentum id luctus","quantity":99,"price":474440,"category":"Lane"},
{"itemId":23,"itemName":"ESIKA","itemDesc":"est et tempus semper est quam pharetra magna ac consequat metus sapien ut nunc vestibulum ante ipsum primis in faucibus","quantity":48,"price":621800,"category":"Lane"},
{"itemId":24,"itemName":"THERABIOGEN COLD AND FLU RELIEF NASAL","itemDesc":"orci mauris lacinia sapien quis libero nullam sit amet turpis elementum ligula vehicula","quantity":43,"price":825037,"category":"Trail"},
{"itemId":25,"itemName":"healthy accents miconazole 3","itemDesc":"tellus in sagittis dui vel nisl duis ac nibh fusce","quantity":5,"price":467238,"category":"Trail"},
{"itemId":26,"itemName":"Treatment Set TS333001","itemDesc":"vestibulum ante ipsum primis in faucibus orci luctus et ultrices posuere cubilia curae","quantity":17,"price":755087,"category":"Lane"},
{"itemId":27,"itemName":"Neut Sodium Bicarbonate","itemDesc":"diam in magna bibendum imperdiet nullam orci pede venenatis non sodales sed tincidunt eu felis fusce","quantity":21,"price":305375,"category":"Park"},
{"itemId":28,"itemName":"Broncho Dilate","itemDesc":"ante ipsum primis in faucibus orci luctus et ultrices posuere","quantity":61,"price":308382,"category":"Drive"},
{"itemId":29,"itemName":"up and up cough suppressant and topical analgesic chest rub","itemDesc":"porttitor id consequat in consequat ut nulla sed accumsan felis ut at dolor quis odio","quantity":1,"price":19652,"category":"Park"},
{"itemId":30,"itemName":"Intelence","itemDesc":"morbi ut odio cras mi pede malesuada in imperdiet et commodo","quantity":94,"price":58685,"category":"Trail"}]